date,description,amount,category
2023-01-01,Salary,3000,Income
2023-01-01,Transfer to Savings,-300,Other
2023-01-03,Gas,-48.06,Transport
2023-01-05,Rent,-1200,Housing
2023-01-06,Phone,-59.68,Utilities
2023-01-07,Pharmacy,-304.73,Healthcare
2023-01-09,Groceries,-114.99,Food
2023-01-10,Coffee,-45.0,Food
2023-01-11,Coffee,-88.38,Food
2023-01-12,Interest,-4.86,Other
2023-01-14,Electronics,-290.79,Shopping
2023-01-15,Groceries,-93.45,Food
2023-01-16,Electronics,-142.6,Shopping
2023-01-16,Taxi,-14.69,Transport
2023-01-17,Gas,-49.51,Transport
2023-01-19,Takeout,-34.58,Food
2023-01-20,Public Transport,-55.4,Transport
2023-01-20,Clothing,-118.38,Shopping
2023-01-22,Groceries,-109.84,Food
2023-01-23,Public Transport,-53.12,Transport
2023-01-24,Electronics,-75.72,Shopping
2023-01-26,Phone,-181.61,Utilities
2023-01-27,Groceries,-62.61,Food
2023-01-31,Streaming,-91.48,Entertainment
2023-02-01,Salary,2800,Income
2023-02-01,Electric,-142.45,Utilities
2023-02-01,Restaurant,-92.93,Food
2023-02-01,Restaurant,-53.87,Food
2023-02-02,Gift,-13.91,Other
2023-02-03,Coffee,-104.85,Food
2023-02-05,Water,-87.3,Utilities
2023-02-05,Rent,-1200,Housing
2023-02-06,Clothing,-301.48,Shopping
2023-02-06,Rent,-1729.1,Housing
2023-02-06,Electronics,-123.53,Shopping
2023-02-08,Takeout,-98.47,Food
2023-02-09,Water,-43.11,Utilities
2023-02-09,Rent,-1065.06,Housing
2023-02-09,Electronics,-482.36,Shopping
2023-02-10,Concert,-34.17,Entertainment
2023-02-10,Restaurant,-54.26,Food
2023-02-11,Groceries,-10.49,Food
2023-02-13,Electric,-32.78,Utilities
2023-02-14,Coffee,-103.58,Food
2023-02-15,Internet,-82,Utilities
2023-02-16,Phone,-63.74,Utilities
2023-02-17,Rent,-896.93,Housing
2023-02-18,Mortgage,-1663.84,Housing
2023-02-20,Gas,-33.4,Transport
2023-02-21,Clothing,-99.84,Shopping
2023-02-22,Groceries,-35.59,Food
2023-02-24,Rent,-850.59,Housing
2023-02-24,Bank Fee,-48.48,Other
2023-02-25,Clothing,-206.17,Shopping
2023-02-25,Mortgage,-1702.44,Housing
2023-02-28,Electronics,-146.2,Shopping
2023-03-01,Salary,3000,Income
2023-03-01,Groceries,-116.34,Food
2023-03-02,Internet,-30.29,Utilities
2023-03-03,Rent,-856.88,Housing
2023-03-04,Clothing,-299.54,Shopping
2023-03-05,Coffee,-113.17,Food
2023-03-05,Rent,-1200,Housing
2023-03-06,Coffee,-52.05,Food
2023-03-07,Internet,-56.77,Utilities
2023-03-08,Takeout,-18.31,Food
2023-03-09,Rent,-809.32,Housing
2023-03-10,Electric,-33.19,Utilities
2023-03-13,Clothing,-187.92,Shopping
2023-03-13,Restaurant,-74.57,Food
2023-03-14,Gas,-54.09,Transport
2023-03-14,Electric,-189.01,Utilities
2023-03-14,Coffee,-107.1,Food
2023-03-15,Restaurant,-73.77,Food
2023-03-17,Takeout,-32.38,Food
2023-03-18,Takeout,-100.03,Food
2023-03-18,Restaurant,-93.22,Food
2023-03-19,Takeout,-67.55,Food
2023-03-20,Salary,3200,Income
2023-03-21,Pharmacy,-174.77,Healthcare
2023-03-23,Clothing,-449.97,Shopping
2023-03-27,Electronics,-487.05,Shopping
2023-03-28,Clothing,-432.98,Shopping
2023-03-29,Doctor,-14.79,Healthcare
2023-03-29,Streaming,-118.45,Entertainment
2023-03-29,Rent,-1066.81,Housing
2023-03-30,Coffee,-103.46,Food
2023-04-01,Salary,2800,Income
2023-04-01,Clothing,-16.71,Shopping
2023-04-01,Restaurant,-35.6,Food
2023-04-03,Takeout,-82.5,Food
2023-04-04,Coffee,-16.49,Food
2023-04-04,Bank Fee,-29.45,Other
2023-04-05,Takeout,-43.45,Food
2023-04-05,Streaming,-92.9,Entertainment
2023-04-05,Mortgage,-1699.5,Housing
2023-04-05,Rent,-1200,Housing
2023-04-07,Water,-85.56,Utilities
2023-04-09,Restaurant,-80.62,Food
2023-04-11,Mortgage,-1126.18,Housing
2023-04-11,Public Transport,-16.96,Transport
2023-04-12,Rent,-1415.51,Housing
2023-04-13,Electric,-74.7,Utilities
2023-04-15,Internet,-103.7,Utilities
2023-04-17,Amazon,-89.0,Shopping
2023-04-19,Taxi,-9.28,Transport
2023-04-20,Restaurant,-29.28,Food
2023-04-20,Coffee,-8.41,Food
2023-04-20,Gift,-42.64,Other
2023-04-22,Public Transport,-58.03,Transport
2023-04-23,Rent,-1456.06,Housing
2023-04-25,Cinema,-117.87,Entertainment
2023-04-27,Uber,-5.92,Transport
2023-04-27,Coffee,-56.41,Food
2023-04-28,Taxi,-76.1,Transport
2023-04-28,Amazon,-408.43,Shopping
2023-04-29,Mortgage,-1697.21,Housing
2023-04-29,Streaming,-70.26,Entertainment
2023-04-30,Electronics,-384.08,Shopping
2023-05-01,Salary,3000,Income
2023-05-02,Public Transport,-23.19,Transport
2023-05-03,Water,-47.15,Utilities
2023-05-04,Groceries,-10.51,Food
2023-05-05,Phone,-31.21,Utilities
2023-05-05,Rent,-1200,Housing
2023-05-06,Concert,-7.83,Entertainment
2023-05-07,Phone,-21.06,Utilities
2023-05-07,Takeout,-102.85,Food
2023-05-08,Rent,-1288.23,Housing
2023-05-08,Takeout,-6.4,Food
2023-05-08,Takeout,-87.73,Food
2023-05-09,Amazon,-269.39,Shopping
2023-05-09,Amazon,-284.37,Shopping
2023-05-11,Takeout,-24.26,Food
2023-05-13,Mortgage,-1561.23,Housing
2023-05-14,Streaming,-41.58,Entertainment
2023-05-15,Internet,-74,Utilities
2023-05-17,Coffee,-94.4,Food
2023-05-17,Gas,-76.07,Transport
2023-05-17,Coffee,-75.7,Food
2023-05-19,Groceries,-57.41,Food
2023-05-21,Electric,-160.0,Utilities
2023-05-23,Internet,-123.64,Utilities
2023-05-24,Rent,-876.0,Housing
2023-05-24,Public Transport,-9.95,Transport
2023-05-25,Amazon,-403.74,Shopping
2023-05-26,Electric,-82.5,Utilities
2023-05-27,Restaurant,-4.48,Food
2023-05-28,Mortgage,-1760.79,Housing
2023-05-29,Pharmacy,-177.02,Healthcare
2023-05-30,Interest,-31.18,Other
2023-05-31,Streaming,-68.16,Entertainment
2023-05-31,Taxi,-27.14,Transport
2023-06-01,Salary,3000,Income
2023-06-02,Takeout,-69.67,Food
2023-06-02,Taxi,-4.24,Transport
2023-06-03,Groceries,-44.51,Food
2023-06-03,Restaurant,-106.0,Food
2023-06-04,Coffee,-63.45,Food
2023-06-05,Rent,-1200,Housing
2023-06-06,Water,-144.31,Utilities
2023-06-07,Rent,-893.05,Housing
2023-06-09,Restaurant,-58.37,Food
2023-06-10,Mortgage,-1151.81,Housing
2023-06-11,Groceries,-17.12,Food
2023-06-14,Cinema,-32.77,Entertainment
2023-06-15,Restaurant,-117.72,Food
2023-06-17,Groceries,-35.09,Food
2023-06-18,Water,-134.82,Utilities
2023-06-18,Cinema,-131.54,Entertainment
2023-06-18,Phone,-106.17,Utilities
2023-06-19,Interest,-47.11,Other
2023-06-20,Doctor,-199.24,Healthcare
2023-06-21,Public Transport,-13.64,Transport
2023-06-22,Groceries,-16.86,Food
2023-06-23,Water,-159.62,Utilities
2023-06-24,Electronics,-430.78,Shopping
2023-06-25,Coffee,-74.33,Food
2023-06-25,Cinema,-95.7,Entertainment
2023-06-25,Coffee,-21.38,Food
2023-06-29,Internet,-25.88,Utilities
2023-07-01,Salary,3200,Income
2023-07-01,Taxi,-63.45,Transport
2023-07-02,Public Transport,-35.16,Transport
2023-07-03,Taxi,-66.48,Transport
2023-07-05,Rent,-1200,Housing
2023-07-06,Internet,-99.05,Utilities
2023-07-07,Takeout,-113.29,Food
2023-07-08,Rent,-1398.04,Housing
2023-07-09,Concert,-41.3,Entertainment
2023-07-09,Coffee,-119.95,Food
2023-07-10,Coffee,-92.28,Food
2023-07-12,Mortgage,-981.49,Housing
2023-07-13,Uber,-77.59,Transport
2023-07-14,Mortgage,-1470.13,Housing
2023-07-15,Takeout,-36.72,Food
2023-07-15,Amazon,-23.17,Shopping
2023-07-15,Internet,-56,Utilities
2023-07-16,Interest,-43.38,Other
2023-07-17,Bonus,3500,Income
2023-07-17,Restaurant,-75.85,Food
2023-07-18,Rent,-1003.56,Housing
2023-07-19,Electronics,-441.02,Shopping
2023-07-20,Groceries,-86.04,Food
2023-07-21,Bonus,3000,Income
2023-07-23,Coffee,-78.78,Food
2023-07-23,Restaurant,-62.54,Food
2023-07-25,Bank Fee,-23.38,Other
2023-07-25,Groceries,-110.86,Food
2023-07-26,Clothing,-141.74,Shopping
2023-07-27,Mortgage,-1620.55,Housing
2023-07-30,Interest,-43.4,Other
2023-07-31,Mortgage,-1351.92,Housing
2023-08-01,Salary,3000,Income
2023-08-01,Amazon,-123.21,Shopping
2023-08-01,Mortgage,-843.65,Housing
2023-08-02,Uber,-32.11,Transport
2023-08-03,Pharmacy,-200.65,Healthcare
2023-08-05,Electric,-177.35,Utilities
2023-08-05,Rent,-1200,Housing
2023-08-06,Rent,-1209.98,Housing
2023-08-07,Takeout,-94.44,Food
2023-08-09,Rent,-1651.77,Housing
2023-08-10,Electronics,-477.3,Shopping
2023-08-10,Uber,-70.05,Transport
2023-08-13,Clothing,-374.65,Shopping
2023-08-14,Coffee,-54.91,Food
2023-08-15,Clothing,-165.57,Shopping
2023-08-15,Internet,-62,Utilities
2023-08-16,Takeout,-69.21,Food
2023-08-17,Coffee,-74.31,Food
2023-08-18,Uber,-73.2,Transport
2023-08-20,Restaurant,-81.02,Food
2023-08-21,Mortgage,-1477.61,Housing
2023-08-21,Takeout,-113.59,Food
2023-08-22,Takeout,-83.77,Food
2023-08-22,Mortgage,-999.22,Housing
2023-08-22,Mortgage,-906.65,Housing
2023-08-23,Restaurant,-119.14,Food
2023-08-25,Taxi,-2.63,Transport
2023-08-25,Amazon,-486.93,Shopping
2023-08-25,Amazon,-250.88,Shopping
2023-08-26,Groceries,-74.03,Food
2023-08-26,Groceries,-75.64,Food
2023-08-27,Public Transport,-51.0,Transport
2023-08-28,Taxi,-63.51,Transport
2023-08-28,Restaurant,-88.69,Food
2023-08-31,Groceries,-95.02,Food
2023-09-01,Salary,3200,Income
2023-09-01,Doctor,-366.05,Healthcare
2023-09-01,Electronics,-374.55,Shopping
2023-09-02,Coffee,-19.47,Food
2023-09-03,Amazon,-338.83,Shopping
2023-09-03,Mortgage,-890.3,Housing
2023-09-03,Mortgage,-1336.57,Housing
2023-09-04,Taxi,-47.6,Transport
2023-09-05,Clothing,-339.04,Shopping
2023-09-05,Mortgage,-1715.26,Housing
2023-09-05,Rent,-1200,Housing
2023-09-07,Electronics,-326.37,Shopping
2023-09-07,Coffee,-113.71,Food
2023-09-08,Rent,-1034.8,Housing
2023-09-09,Mortgage,-1470.49,Housing
2023-09-10,Electronics,-295.73,Shopping
2023-09-11,Amazon,-54.02,Shopping
2023-09-12,Mortgage,-832.72,Housing
2023-09-13,Rent,-1655.45,Housing
2023-09-15,Internet,-30.9,Utilities
2023-09-15,Internet,-47,Utilities
2023-09-16,Pharmacy,-266.79,Healthcare
2023-09-16,Gas,-5.95,Transport
2023-09-17,Gift,-11.06,Other
2023-09-18,Water,-166.35,Utilities
2023-09-18,Groceries,-95.27,Food
2023-09-19,Groceries,-118.54,Food
2023-09-20,Cinema,-100.85,Entertainment
2023-09-23,Restaurant,-4.85,Food
2023-09-26,Coffee,-58.72,Food
2023-09-27,Rent,-1252.01,Housing
2023-09-29,Taxi,-37.73,Transport
2023-09-30,Takeout,-102.13,Food
2023-09-30,Rent,-1290.27,Housing
2023-09-30,Clothing,-450.14,Shopping
2023-10-01,Salary,3200,Income
2023-10-03,Internet,-88.56,Utilities
2023-10-04,Takeout,-14.6,Food
2023-10-05,Amazon,-439.46,Shopping
2023-10-05,Rent,-1200,Housing
2023-10-06,Rent,-1213.81,Housing
2023-10-06,Doctor,-169.32,Healthcare
2023-10-08,Taxi,-76.38,Transport
2023-10-09,Rent,-1631.77,Housing
2023-10-12,Pharmacy,-236.65,Healthcare
2023-10-13,Coffee,-51.06,Food
2023-10-14,Electronics,-434.71,Shopping
2023-10-14,Taxi,-48.83,Transport
2023-10-15,Water,-47.85,Utilities
2023-10-16,Restaurant,-16.44,Food
2023-10-16,Groceries,-97.44,Food
2023-10-17,Gift,-31.07,Other
2023-10-17,Gas,-49.5,Transport
2023-10-18,Gas,-16.07,Transport
2023-10-19,Restaurant,-44.07,Food
2023-10-22,Coffee,-13.74,Food
2023-10-23,Mortgage,-1140.9,Housing
2023-10-24,Gas,-70.9,Transport
2023-10-26,Coffee,-34.84,Food
2023-10-27,Mortgage,-1214.18,Housing
2023-10-29,Coffee,-36.14,Food
2023-10-30,Mortgage,-845.42,Housing
2023-10-31,Electric,-56.8,Utilities
2023-11-01,Salary,3000,Income
2023-11-01,Coffee,-3.9,Food
2023-11-02,Takeout,-65.31,Food
2023-11-04,Taxi,-7.62,Transport
2023-11-05,Coffee,-56.79,Food
2023-11-05,Restaurant,-70.36,Food
2023-11-05,Rent,-1200,Housing
2023-11-06,Rent,-1205.03,Housing
2023-11-07,Takeout,-100.35,Food
2023-11-07,Clothing,-221.17,Shopping
2023-11-07,Takeout,-71.9,Food
2023-11-08,Mortgage,-1545.8,Housing
2023-11-10,Coffee,-65.08,Food
2023-11-12,Groceries,-30.64,Food
2023-11-15,Concert,-15.93,Entertainment
2023-11-16,Mortgage,-1481.13,Housing
2023-11-17,Taxi,-69.41,Transport
2023-11-17,Public Transport,-36.3,Transport
2023-11-18,Taxi,-48.13,Transport
2023-11-19,Takeout,-55.87,Food
2023-11-21,Coffee,-74.96,Food
2023-11-21,Mortgage,-1380.33,Housing
2023-11-22,Cinema,-70.21,Entertainment
2023-11-22,Pharmacy,-132.0,Healthcare
2023-11-22,Rent,-1757.72,Housing
2023-11-23,Doctor,-393.04,Healthcare
2023-11-25,Takeout,-118.95,Food
2023-11-26,Internet,-87.11,Utilities
2023-11-28,Coffee,-95.34,Food
2023-11-29,Coffee,-68.28,Food
2023-11-30,Groceries,-42.0,Food
2023-12-01,Salary,3000,Income
2023-12-01,Takeout,-18.09,Food
2023-12-01,Gas,-26.15,Transport
2023-12-02,Cinema,-102.17,Entertainment
2023-12-03,Concert,-137.3,Entertainment
2023-12-03,Takeout,-62.49,Food
2023-12-05,Interest,-47.44,Other
2023-12-05,Rent,-1200,Housing
2023-12-09,Coffee,-80.45,Food
2023-12-09,Amazon,-69.87,Shopping
2023-12-10,Groceries,-87.38,Food
2023-12-12,Uber,-49.63,Transport
2023-12-13,Cinema,-82.43,Entertainment
2023-12-14,Doctor,-362.07,Healthcare
2023-12-16,Mortgage,-1578.12,Housing
2023-12-17,Rent,-1616.89,Housing
2023-12-18,Restaurant,-9.11,Food
2023-12-18,Mortgage,-1354.54,Housing
2023-12-20,Electronics,-46.52,Shopping
2023-12-20,Takeout,-108.92,Food
2023-12-22,Clothing,-409.27,Shopping
2023-12-23,Electronics,-31.36,Shopping
2023-12-23,Rent,-1186.17,Housing
2023-12-26,Restaurant,-95.59,Food
2023-12-29,Public Transport,-61.19,Transport
2023-12-29,Rent,-1705.86,Housing
2024-01-01,Salary,3000,Income
2024-01-01,Electric,-159.71,Utilities
2024-01-05,Electric,-39.95,Utilities
2024-01-05,Rent,-1200,Housing
2024-01-06,Salary,3200,Income
2024-01-09,Water,-139.59,Utilities
2024-01-11,Coffee,-48.68,Food
2024-01-11,Mortgage,-1781.04,Housing
2024-01-11,Coffee,-44.78,Food
2024-01-14,Restaurant,-18.61,Food
2024-01-15,Groceries,-100.15,Food
2024-01-16,Rent,-1611.5,Housing
2024-01-16,Takeout,-7.33,Food
2024-01-16,Groceries,-106.64,Food
2024-01-17,Takeout,-118.73,Food
2024-01-18,Groceries,-36.47,Food
2024-01-19,Restaurant,-34.97,Food
2024-01-19,Streaming,-133.98,Entertainment
2024-01-20,Electronics,-172.82,Shopping
2024-01-22,Restaurant,-96.73,Food
2024-01-23,Groceries,-66.82,Food
2024-01-24,Restaurant,-38.86,Food
2024-01-25,Mortgage,-1151.55,Housing
2024-01-27,Takeout,-35.12,Food
2024-01-27,Bank Fee,-4.68,Other
2024-01-28,Groceries,-114.48,Food
2024-01-30,Cinema,-23.3,Entertainment
2024-02-01,Salary,3200,Income
2024-02-01,Groceries,-82.45,Food
2024-02-01,Interest,-22.75,Other
2024-02-04,Restaurant,-32.2,Food
2024-02-05,Rent,-1200,Housing
2024-02-06,Rent,-1061.78,Housing
2024-02-08,Interest,-35.01,Other
2024-02-09,Groceries,-102.78,Food
2024-02-09,Mortgage,-1797.26,Housing
2024-02-09,Doctor,-268.8,Healthcare
2024-02-10,Internet,-180.44,Utilities
2024-02-11,Public Transport,-63.91,Transport
2024-02-11,Rent,-1785.13,Housing
2024-02-12,Takeout,-6.08,Food
2024-02-13,Groceries,-74.6,Food
2024-02-15,Gift,-24.45,Other
2024-02-16,Water,-195.03,Utilities
2024-02-17,Mortgage,-928.33,Housing
2024-02-18,Water,-158.2,Utilities
2024-02-18,Coffee,-100.27,Food
2024-02-19,Groceries,-40.75,Food
2024-02-20,Restaurant,-101.97,Food
2024-02-22,Water,-132.5,Utilities
2024-02-23,Groceries,-72.24,Food
2024-02-24,Restaurant,-101.58,Food
2024-02-25,Pharmacy,-37.08,Healthcare
2024-02-26,Streaming,-99.41,Entertainment
2024-02-26,Streaming,-94.63,Entertainment
2024-02-28,Internet,-106.93,Utilities
2024-02-28,Doctor,-122.49,Healthcare
2024-03-01,Salary,3000,Income
2024-03-01,Mortgage,-1406.66,Housing
2024-03-02,Taxi,-78.08,Transport
2024-03-04,Internet,-63.51,Utilities
2024-03-05,Rent,-1200,Housing
2024-03-08,Electronics,-127.89,Shopping
2024-03-08,Clothing,-407.67,Shopping
2024-03-09,Public Transport,-61.52,Transport
2024-03-09,Mortgage,-1298.76,Housing
2024-03-10,Takeout,-62.14,Food
2024-03-11,Restaurant,-8.69,Food
2024-03-11,Takeout,-36.43,Food
2024-03-11,Salary,3500,Income
2024-03-14,Rent,-1200.58,Housing
2024-03-15,Restaurant,-11.6,Food
2024-03-16,Coffee,-18.05,Food
2024-03-18,Gift,-47.01,Other
2024-03-19,Takeout,-61.51,Food
2024-03-22,Mortgage,-948.94,Housing
2024-03-23,Restaurant,-22.01,Food
2024-03-23,Gift,-42.29,Other
2024-03-24,Mortgage,-1508.74,Housing
2024-03-26,Coffee,-117.65,Food
2024-03-26,Electric,-127.44,Utilities
2024-03-28,Gift,-29.3,Other
2024-03-29,Water,-114.36,Utilities
2024-03-30,Streaming,-26.43,Entertainment
2024-03-31,Coffee,-25.32,Food
2024-04-01,Salary,2800,Income
2024-04-02,Mortgage,-1672.82,Housing
2024-04-03,Groceries,-63.69,Food
2024-04-04,Interest,-26.75,Other
2024-04-05,Restaurant,-66.91,Food
2024-04-05,Rent,-1200,Housing
2024-04-06,Taxi,-49.59,Transport
2024-04-06,Groceries,-35.64,Food
2024-04-08,Interest,-35.54,Other
2024-04-08,Uber,-26.73,Transport
2024-04-09,Amazon,-140.36,Shopping
2024-04-11,Mortgage,-1618.38,Housing
2024-04-12,Doctor,-21.62,Healthcare
2024-04-12,Bank Fee,-17.97,Other
2024-04-12,Mortgage,-1547.34,Housing
2024-04-14,Restaurant,-19.06,Food
2024-04-14,Water,-63.64,Utilities
2024-04-15,Water,-29.45,Utilities
2024-04-16,Groceries,-3.61,Food
2024-04-17,Electronics,-328.18,Shopping
2024-04-18,Rent,-1555.91,Housing
2024-04-18,Restaurant,-78.57,Food
2024-04-19,Groceries,-65.61,Food
2024-04-19,Gas,-73.23,Transport
2024-04-21,Coffee,-119.67,Food
2024-04-21,Mortgage,-986.31,Housing
2024-04-22,Electronics,-438.99,Shopping
2024-04-24,Restaurant,-36.29,Food
2024-04-25,Phone,-180.07,Utilities
2024-04-25,Takeout,-34.92,Food
2024-04-25,Doctor,-69.19,Healthcare
2024-04-26,Groceries,-4.65,Food
2024-04-27,Groceries,-23.53,Food
2024-04-28,Electronics,-260.06,Shopping
2024-04-28,Coffee,-24.62,Food
2024-04-30,Restaurant,-47.88,Food
2024-05-01,Salary,2800,Income
2024-05-01,Coffee,-33.6,Food
2024-05-01,Groceries,-10.27,Food
2024-05-01,Restaurant,-21.69,Food
2024-05-02,Amazon,-386.07,Shopping
2024-05-03,Taxi,-30.67,Transport
2024-05-05,Mortgage,-1547.73,Housing
2024-05-05,Phone,-146.35,Utilities
2024-05-05,Amazon,-401.99,Shopping
2024-05-05,Rent,-1200,Housing
2024-05-06,Gas,-42.99,Transport
2024-05-07,Coffee,-10.23,Food
2024-05-08,Rent,-964.54,Housing
2024-05-09,Rent,-1516.92,Housing
2024-05-09,Mortgage,-1608.69,Housing
2024-05-10,Mortgage,-1363.91,Housing
2024-05-11,Taxi,-58.42,Transport
2024-05-12,Pharmacy,-233.43,Healthcare
2024-05-14,Coffee,-112.35,Food
2024-05-17,Concert,-146.86,Entertainment
2024-05-18,Mortgage,-1248.54,Housing
2024-05-19,Rent,-1482.73,Housing
2024-05-19,Public Transport,-52.98,Transport
2024-05-20,Takeout,-64.87,Food
2024-05-21,Coffee,-91.47,Food
2024-05-22,Mortgage,-1331.93,Housing
2024-05-22,Pharmacy,-186.95,Healthcare
2024-05-22,Groceries,-112.68,Food
2024-05-23,Takeout,-74.95,Food
2024-05-24,Clothing,-107.01,Shopping
2024-05-24,Coffee,-55.23,Food
2024-05-25,Clothing,-371.57,Shopping
2024-05-26,Groceries,-91.26,Food
2024-05-27,Restaurant,-30.4,Food
2024-05-28,Internet,-62.64,Utilities
2024-05-28,Amazon,-263.02,Shopping
2024-05-29,Groceries,-76.24,Food
2024-05-30,Mortgage,-1741.59,Housing
2024-05-31,Streaming,-105.96,Entertainment
2024-06-01,Salary,2800,Income
2024-06-01,Streaming,-39.94,Entertainment
2024-06-03,Takeout,-110.02,Food
2024-06-03,Phone,-120.31,Utilities
2024-06-05,Rent,-1200,Housing
2024-06-06,Electronics,-50.77,Shopping
2024-06-07,Restaurant,-47.13,Food
2024-06-08,Coffee,-25.02,Food
2024-06-09,Public Transport,-39.39,Transport
2024-06-10,Coffee,-27.78,Food
2024-06-10,Coffee,-90.38,Food
2024-06-11,Amazon,-304.18,Shopping
2024-06-13,Internet,-88.52,Utilities
2024-06-13,Internet,-75.52,Utilities
2024-06-14,Electronics,-53.81,Shopping
2024-06-15,Mortgage,-1714.33,Housing
2024-06-15,Takeout,-8.35,Food
2024-06-15,Amazon,-77.23,Shopping
2024-06-15,Internet,-99,Utilities
2024-06-16,Taxi,-13.89,Transport
2024-06-17,Rent,-1299.3,Housing
2024-06-18,Taxi,-61.54,Transport
2024-06-19,Uber,-37.94,Transport
2024-06-20,Groceries,-87.28,Food
2024-06-21,Amazon,-495.21,Shopping
2024-06-22,Electric,-190.13,Utilities
2024-06-22,Gas,-34.17,Transport
2024-06-22,Clothing,-38.64,Shopping
2024-06-25,Takeout,-80.14,Food
2024-06-27,Rent,-1329.42,Housing
2024-06-29,Bonus,3200,Income
2024-06-29,Coffee,-64.35,Food
2024-06-29,Restaurant,-98.38,Food
2024-07-01,Salary,2800,Income
2024-07-01,Transfer to Savings,-280,Other
2024-07-01,Rent,-1790.23,Housing
2024-07-01,Coffee,-79.49,Food
2024-07-01,Clothing,-51.28,Shopping
2024-07-02,Electric,-134.61,Utilities
2024-07-03,Takeout,-78.45,Food
2024-07-04,Bank Fee,-44.84,Other
2024-07-05,Takeout,-34.72,Food
2024-07-05,Amazon,-463.16,Shopping
2024-07-05,Rent,-1200,Housing
2024-07-06,Restaurant,-4.83,Food
2024-07-09,Pharmacy,-123.21,Healthcare
2024-07-09,Phone,-141.87,Utilities
2024-07-10,Rent,-1590.5,Housing
2024-07-11,Restaurant,-9.28,Food
2024-07-12,Doctor,-244.04,Healthcare
2024-07-13,Internet,-25.33,Utilities
2024-07-15,Mortgage,-1353.04,Housing
2024-07-15,Rent,-1479.69,Housing
2024-07-15,Gas,-62.23,Transport
2024-07-15,Internet,-55,Utilities
2024-07-16,Groceries,-47.46,Food
2024-07-17,Takeout,-40.05,Food
2024-07-20,Restaurant,-14.96,Food
2024-07-22,Phone,-38.59,Utilities
2024-07-24,Internet,-175.47,Utilities
2024-07-26,Concert,-135.66,Entertainment
2024-07-27,Gift,-26.53,Other
2024-07-27,Public Transport,-12.83,Transport
2024-07-28,Rent,-967.21,Housing
2024-07-31,Groceries,-87.35,Food
2024-08-01,Salary,2800,Income
2024-08-03,Interest,-42.24,Other
2024-08-04,Electronics,-170.69,Shopping
2024-08-05,Amazon,-72.38,Shopping
2024-08-05,Groceries,-59.04,Food
2024-08-05,Rent,-1200,Housing
2024-08-06,Takeout,-116.23,Food
2024-08-07,Restaurant,-98.53,Food
2024-08-08,Groceries,-72.29,Food
2024-08-09,Gas,-76.33,Transport
2024-08-10,Uber,-64.22,Transport
2024-08-11,Takeout,-81.74,Food
2024-08-11,Restaurant,-31.32,Food
2024-08-12,Uber,-7.77,Transport
2024-08-13,Mortgage,-1334.37,Housing
2024-08-13,Amazon,-212.06,Shopping
2024-08-13,Restaurant,-85.09,Food
2024-08-14,Electric,-39.69,Utilities
2024-08-14,Restaurant,-22.46,Food
2024-08-15,Phone,-194.03,Utilities
2024-08-16,Coffee,-33.27,Food
2024-08-17,Water,-100.24,Utilities
2024-08-18,Concert,-105.11,Entertainment
2024-08-20,Mortgage,-1215.98,Housing
2024-08-20,Bank Fee,-41.73,Other
2024-08-20,Taxi,-26.33,Transport
2024-08-21,Takeout,-43.75,Food
2024-08-23,Rent,-1100.26,Housing
2024-08-24,Restaurant,-78.81,Food
2024-08-24,Public Transport,-74.53,Transport
2024-08-25,Rent,-1130.99,Housing
2024-08-26,Mortgage,-1429.76,Housing
2024-08-28,Rent,-1249.58,Housing
2024-08-29,Salary,3200,Income
2024-08-31,Concert,-19.75,Entertainment
2024-09-01,Salary,3000,Income
2024-09-01,Mortgage,-1470.7,Housing
2024-09-02,Interest,-30.25,Other
2024-09-03,Internet,-83.36,Utilities
2024-09-04,Restaurant,-110.49,Food
2024-09-05,Taxi,-11.19,Transport
2024-09-05,Rent,-1200,Housing
2024-09-07,Mortgage,-1396.43,Housing
2024-09-08,Mortgage,-1435.5,Housing
2024-09-09,Public Transport,-45.28,Transport
2024-09-10,Restaurant,-101.51,Food
2024-09-11,Clothing,-244.88,Shopping
2024-09-13,Phone,-93.64,Utilities
2024-09-14,Uber,-40.12,Transport
2024-09-15,Internet,-88,Utilities
2024-09-20,Phone,-118.95,Utilities
2024-09-23,Doctor,-219.11,Healthcare
2024-09-24,Streaming,-84.22,Entertainment
2024-09-25,Groceries,-37.83,Food
2024-09-25,Interest,-13.88,Other
2024-09-25,Clothing,-222.34,Shopping
2024-09-26,Cinema,-35.43,Entertainment
2024-09-26,Concert,-55.84,Entertainment
2024-09-26,Uber,-14.95,Transport
2024-10-01,Salary,3200,Income
2024-10-01,Restaurant,-36.85,Food
2024-10-03,Gift,-40.94,Other
2024-10-03,Takeout,-110.5,Food
2024-10-04,Clothing,-352.21,Shopping
2024-10-04,Groceries,-86.23,Food
2024-10-04,Doctor,-198.34,Healthcare
2024-10-05,Takeout,-46.9,Food
2024-10-05,Rent,-1200,Housing
2024-10-06,Streaming,-79.76,Entertainment
2024-10-08,Takeout,-41.29,Food
2024-10-08,Salary,3500,Income
2024-10-09,Gas,-64.06,Transport
2024-10-10,Bank Fee,-25.24,Other
2024-10-11,Groceries,-69.24,Food
2024-10-12,Coffee,-8.38,Food
2024-10-13,Pharmacy,-54.07,Healthcare
2024-10-14,Rent,-1791.84,Housing
2024-10-14,Rent,-1682.15,Housing
2024-10-15,Electronics,-51.2,Shopping
2024-10-17,Gas,-32.91,Transport
2024-10-18,Public Transport,-35.48,Transport
2024-10-23,Phone,-21.67,Utilities
2024-10-24,Doctor,-279.14,Healthcare
2024-10-25,Coffee,-88.5,Food
2024-10-27,Clothing,-194.45,Shopping
2024-10-28,Amazon,-496.51,Shopping
2024-10-28,Coffee,-74.41,Food
2024-10-30,Groceries,-110.63,Food
2024-10-31,Rent,-886.69,Housing
2024-11-01,Salary,3000,Income
2024-11-02,Takeout,-39.8,Food
2024-11-05,Rent,-1200,Housing
2024-11-06,Electric,-172.62,Utilities
2024-11-07,Groceries,-90.5,Food
2024-11-10,Interest,-19.91,Other
2024-11-10,Coffee,-64.81,Food
2024-11-11,Interest,-7.47,Other
2024-11-11,Amazon,-213.33,Shopping
2024-11-11,Water,-157.29,Utilities
2024-11-12,Cinema,-90.17,Entertainment
2024-11-12,Salary,3000,Income
2024-11-12,Electronics,-255.77,Shopping
2024-11-13,Mortgage,-1223.58,Housing
2024-11-14,Public Transport,-23.64,Transport
2024-11-15,Rent,-1774.31,Housing
2024-11-15,Internet,-60,Utilities
2024-11-16,Gas,-26.19,Transport
2024-11-17,Bank Fee,-3.84,Other
2024-11-19,Rent,-1109.29,Housing
2024-11-20,Cinema,-6.84,Entertainment
2024-11-23,Restaurant,-22.53,Food
2024-11-25,Coffee,-93.26,Food
2024-11-27,Coffee,-33.77,Food
2024-11-27,Gift,-4.78,Other
2024-11-28,Takeout,-103.55,Food
2024-12-01,Salary,3000,Income
2024-12-01,Coffee,-8.15,Food
2024-12-02,Takeout,-45.59,Food
2024-12-02,Clothing,-465.92,Shopping
2024-12-03,Phone,-60.41,Utilities
2024-12-03,Restaurant,-34.74,Food
2024-12-05,Rent,-979.34,Housing
2024-12-05,Rent,-1200,Housing
2024-12-06,Bank Fee,-43.97,Other
2024-12-06,Electronics,-167.01,Shopping
2024-12-06,Electric,-86.41,Utilities
2024-12-08,Cinema,-72.27,Entertainment
2024-12-09,Rent,-1532.46,Housing
2024-12-10,Cinema,-5.92,Entertainment
2024-12-11,Restaurant,-77.41,Food
2024-12-12,Bonus,3000,Income
2024-12-13,Mortgage,-903.95,Housing
2024-12-14,Takeout,-115.46,Food
2024-12-15,Restaurant,-13.88,Food
2024-12-15,Amazon,-209.46,Shopping
2024-12-15,Electronics,-487.4,Shopping
2024-12-15,Internet,-46,Utilities
2024-12-16,Uber,-7.84,Transport
2024-12-17,Rent,-1036.77,Housing
2024-12-19,Concert,-125.63,Entertainment
2024-12-20,Rent,-874.69,Housing
2024-12-22,Water,-39.02,Utilities
2024-12-23,Coffee,-65.7,Food
2024-12-24,Restaurant,-57.21,Food
2024-12-24,Clothing,-83.02,Shopping
2024-12-24,Gas,-18.77,Transport
2024-12-25,Groceries,-116.3,Food
2024-12-25,Rent,-1477.18,Housing
2024-12-27,Takeout,-102.99,Food
2024-12-27,Water,-37.05,Utilities
2024-12-27,Groceries,-17.21,Food
2024-12-29,Groceries,-99.37,Food
2024-12-30,Gas,-47.42,Transport
2025-01-01,Salary,3000,Income
2025-01-01,Transfer to Savings,-300,Other
2025-01-02,Rent,-891.98,Housing
2025-01-02,Electronics,-65.65,Shopping
2025-01-03,Takeout,-99.14,Food
2025-01-03,Rent,-1182.73,Housing
2025-01-04,Groceries,-35.17,Food
2025-01-05,Groceries,-78.73,Food
2025-01-05,Rent,-1200,Housing
2025-01-06,Rent,-1079.78,Housing
2025-01-06,Groceries,-78.19,Food
2025-01-07,Coffee,-118.76,Food
2025-01-08,Takeout,-43.25,Food
2025-01-09,Restaurant,-24.04,Food
2025-01-10,Restaurant,-9.86,Food
2025-01-11,Water,-195.32,Utilities
2025-01-11,Groceries,-34.18,Food
2025-01-11,Pharmacy,-306.8,Healthcare
2025-01-12,Phone,-83.86,Utilities
2025-01-12,Pharmacy,-74.56,Healthcare
2025-01-13,Doctor,-366.02,Healthcare
2025-01-15,Gift,-7.96,Other
2025-01-16,Doctor,-219.14,Healthcare
2025-01-16,Coffee,-13.56,Food
2025-01-19,Salary,3200,Income
2025-01-20,Restaurant,-9.97,Food
2025-01-22,Coffee,-102.04,Food
2025-01-23,Interest,-35.52,Other
2025-01-23,Gas,-28.25,Transport
2025-01-24,Gift,-47.49,Other
2025-01-25,Gift,-16.55,Other
2025-01-26,Internet,-60.18,Utilities
2025-01-27,Restaurant,-88.88,Food
2025-01-31,Electric,-52.77,Utilities
2025-02-01,Salary,3200,Income
2025-02-01,Coffee,-112.59,Food
2025-02-01,Coffee,-30.85,Food
2025-02-01,Bank Fee,-32.17,Other
2025-02-02,Doctor,-181.42,Healthcare
2025-02-02,Groceries,-84.1,Food
2025-02-02,Coffee,-87.29,Food
2025-02-04,Rent,-1684.55,Housing
2025-02-05,Mortgage,-901.43,Housing
2025-02-05,Rent,-1200,Housing
2025-02-06,Public Transport,-14.69,Transport
2025-02-06,Coffee,-37.5,Food
2025-02-07,Bank Fee,-17.75,Other
2025-02-08,Coffee,-67.0,Food
2025-02-08,Clothing,-172.29,Shopping
2025-02-09,Amazon,-20.34,Shopping
2025-02-09,Clothing,-305.62,Shopping
2025-02-09,Rent,-901.26,Housing
2025-02-12,Taxi,-53.53,Transport
2025-02-15,Phone,-47.65,Utilities
2025-02-16,Takeout,-26.36,Food
2025-02-21,Takeout,-58.1,Food
2025-02-21,Electronics,-50.11,Shopping
2025-02-22,Takeout,-46.22,Food
2025-02-23,Takeout,-33.82,Food
2025-02-24,Water,-155.4,Utilities
2025-02-24,Gas,-54.12,Transport
2025-02-25,Rent,-1353.6,Housing
2025-02-25,Amazon,-212.22,Shopping
2025-02-26,Electronics,-288.49,Shopping
2025-03-01,Salary,2800,Income
2025-03-01,Rent,-920.28,Housing
2025-03-02,Groceries,-116.74,Food
2025-03-03,Takeout,-12.17,Food
2025-03-03,Public Transport,-79.79,Transport
2025-03-04,Doctor,-131.3,Healthcare
2025-03-05,Pharmacy,-158.3,Healthcare
2025-03-05,Rent,-1200,Housing
2025-03-06,Takeout,-110.31,Food
2025-03-08,Phone,-40.25,Utilities
2025-03-10,Electric,-186.49,Utilities
2025-03-11,Restaurant,-104.49,Food
2025-03-12,Electronics,-194.61,Shopping
2025-03-12,Mortgage,-837.47,Housing
2025-03-15,Gas,-32.87,Transport
2025-03-16,Takeout,-110.74,Food
2025-03-17,Restaurant,-39.38,Food
2025-03-17,Amazon,-344.0,Shopping
2025-03-18,Restaurant,-116.98,Food
2025-03-18,Mortgage,-1069.42,Housing
2025-03-18,Rent,-987.94,Housing
2025-03-20,Concert,-130.74,Entertainment
2025-03-20,Pharmacy,-30.92,Healthcare
2025-03-21,Rent,-973.74,Housing
2025-03-22,Coffee,-32.19,Food
2025-03-22,Mortgage,-1504.63,Housing
2025-03-24,Rent,-1481.17,Housing
2025-03-24,Takeout,-72.5,Food
2025-03-26,Internet,-81.96,Utilities
2025-03-26,Doctor,-300.84,Healthcare
2025-03-27,Takeout,-8.81,Food
2025-03-28,Cinema,-129.28,Entertainment
2025-03-28,Public Transport,-22.99,Transport
2025-03-29,Coffee,-58.47,Food
2025-04-01,Salary,3000,Income
2025-04-01,Amazon,-483.68,Shopping
2025-04-02,Mortgage,-1651.59,Housing
2025-04-03,Restaurant,-82.23,Food
2025-04-04,Rent,-807.35,Housing
2025-04-04,Interest,-28.51,Other
2025-04-05,Coffee,-59.36,Food
2025-04-05,Rent,-1200,Housing
2025-04-07,Restaurant,-25.04,Food
2025-04-08,Coffee,-97.24,Food
2025-04-09,Internet,-142.54,Utilities
2025-04-09,Uber,-79.8,Transport
2025-04-11,Rent,-1383.02,Housing
2025-04-12,Doctor,-291.99,Healthcare
2025-04-12,Takeout,-109.06,Food
2025-04-12,Taxi,-67.94,Transport
2025-04-13,Clothing,-150.42,Shopping
2025-04-13,Mortgage,-1525.19,Housing
2025-04-14,Amazon,-450.3,Shopping
2025-04-15,Groceries,-90.07,Food
2025-04-16,Restaurant,-71.51,Food
2025-04-17,Coffee,-104.37,Food
2025-04-18,Clothing,-238.75,Shopping
2025-04-21,Phone,-29.73,Utilities
2025-04-22,Groceries,-43.09,Food
2025-04-22,Interest,-8.02,Other
2025-04-23,Coffee,-60.05,Food
2025-04-23,Public Transport,-26.45,Transport
2025-04-25,Groceries,-70.42,Food
2025-04-27,Cinema,-94.1,Entertainment
2025-04-28,Mortgage,-1183.32,Housing
2025-05-01,Salary,3200,Income
2025-05-01,Concert,-32.63,Entertainment
2025-05-01,Public Transport,-19.65,Transport
2025-05-02,Coffee,-47.88,Food
2025-05-02,Water,-31.75,Utilities
2025-05-04,Mortgage,-1233.67,Housing
2025-05-04,Public Transport,-28.73,Transport
2025-05-05,Groceries,-22.29,Food
2025-05-05,Electronics,-14.47,Shopping
2025-05-05,Rent,-1200,Housing
2025-05-06,Coffee,-71.99,Food
2025-05-06,Restaurant,-86.2,Food
2025-05-06,Streaming,-132.1,Entertainment
2025-05-08,Coffee,-80.45,Food
2025-05-09,Coffee,-51.76,Food
2025-05-10,Phone,-146.34,Utilities
2025-05-12,Bonus,3000,Income
2025-05-13,Groceries,-52.0,Food
2025-05-14,Rent,-1082.71,Housing
2025-05-14,Streaming,-33.8,Entertainment
2025-05-15,Internet,-73,Utilities
2025-05-16,Takeout,-37.56,Food
2025-05-16,Takeout,-109.51,Food
2025-05-16,Uber,-27.79,Transport
2025-05-18,Amazon,-336.17,Shopping
2025-05-21,Gas,-72.57,Transport
2025-05-22,Mortgage,-1064.13,Housing
2025-05-24,Electronics,-183.31,Shopping
2025-05-24,Uber,-59.61,Transport
2025-05-26,Groceries,-80.61,Food
2025-05-28,Mortgage,-1678.48,Housing
2025-05-30,Takeout,-49.83,Food
2025-05-30,Mortgage,-1489.9,Housing
2025-05-31,Rent,-913.06,Housing
2025-06-01,Salary,3000,Income
2025-06-01,Takeout,-96.86,Food
2025-06-01,Public Transport,-49.68,Transport
2025-06-02,Water,-106.95,Utilities
2025-06-03,Electronics,-27.76,Shopping
2025-06-05,Public Transport,-78.28,Transport
2025-06-05,Rent,-1200,Housing
2025-06-06,Electric,-97.91,Utilities
2025-06-07,Mortgage,-948.65,Housing
2025-06-08,Amazon,-32.01,Shopping
2025-06-08,Public Transport,-41.43,Transport
2025-06-09,Rent,-874.87,Housing
2025-06-10,Restaurant,-8.89,Food
2025-06-12,Rent,-878.83,Housing
2025-06-13,Electric,-174.19,Utilities
2025-06-14,Takeout,-90.19,Food
2025-06-17,Doctor,-356.59,Healthcare
2025-06-18,Uber,-76.13,Transport
2025-06-19,Groceries,-101.79,Food
2025-06-20,Concert,-73.6,Entertainment
2025-06-21,Gas,-9.6,Transport
2025-06-22,Bonus,2800,Income
2025-06-23,Coffee,-8.36,Food
2025-06-26,Gas,-21.83,Transport
2025-06-29,Groceries,-86.86,Food
2025-06-29,Takeout,-8.44,Food
2025-06-30,Gas,-62.23,Transport
2025-07-01,Salary,2800,Income
2025-07-01,Mortgage,-804.34,Housing
2025-07-02,Phone,-170.99,Utilities
2025-07-03,Rent,-1491.82,Housing
2025-07-05,Restaurant,-61.98,Food
2025-07-05,Rent,-1073.6,Housing
2025-07-06,Rent,-938.18,Housing
2025-07-06,Internet,-171.75,Utilities
2025-07-06,Internet,-148.14,Utilities
2025-07-07,Public Transport,-18.36,Transport
2025-07-07,Taxi,-73.85,Transport
2025-07-09,Bank Fee,-25.69,Other
2025-07-10,Coffee,-92.01,Food
2025-07-11,Phone,-141.36,Utilities
2025-07-12,Phone,-165.49,Utilities
2025-07-12,Electric,-88.56,Utilities
2025-07-16,Public Transport,-67.47,Transport
2025-07-16,Taxi,-17.91,Transport
2025-07-16,Internet,-166.52,Utilities
2025-07-18,Cinema,-112.65,Entertainment
2025-07-18,Water,-111.97,Utilities
2025-07-19,Gas,-74.27,Transport
2025-07-20,Gift,-16.32,Other
2025-07-21,Bonus,3200,Income
2025-07-22,Streaming,-125.35,Entertainment
2025-07-23,Taxi,-60.9,Transport
2025-07-23,Water,-159.71,Utilities
2025-07-24,Groceries,-118.06,Food
2025-07-24,Groceries,-89.0,Food
2025-07-24,Coffee,-53.14,Food
2025-07-25,Restaurant,-3.66,Food
2025-07-26,Clothing,-81.08,Shopping
2025-07-27,Restaurant,-60.39,Food
2025-07-28,Restaurant,-64.47,Food
2025-07-29,Water,-94.87,Utilities
2025-07-29,Electric,-82.89,Utilities
2025-07-29,Amazon,-169.28,Shopping
2025-07-30,Takeout,-119.61,Food
2025-07-31,Bank Fee,-6.62,Other
2025-07-31,Groceries,-108.83,Food
2025-08-01,Salary,3000,Income
2025-08-03,Rent,-1185.88,Housing
2025-08-03,Internet,-24.45,Utilities
2025-08-04,Concert,-121.41,Entertainment
2025-08-05,Groceries,-40.48,Food
2025-08-05,Rent,-1200,Housing
2025-08-07,Concert,-6.06,Entertainment
2025-08-07,Groceries,-104.2,Food
2025-08-07,Rent,-1005.58,Housing
2025-08-08,Amazon,-388.73,Shopping
2025-08-08,Gas,-60.26,Transport
2025-08-10,Coffee,-11.57,Food
2025-08-14,Electronics,-197.08,Shopping
2025-08-14,Uber,-26.68,Transport
2025-08-15,Coffee,-78.05,Food
2025-08-16,Electric,-84.39,Utilities
2025-08-17,Restaurant,-73.97,Food
2025-08-19,Rent,-1273.99,Housing
2025-08-19,Water,-154.42,Utilities
2025-08-20,Electronics,-480.27,Shopping
2025-08-22,Amazon,-325.73,Shopping
2025-08-23,Salary,3000,Income
2025-08-23,Takeout,-65.85,Food
2025-08-23,Interest,-11.29,Other
2025-08-24,Public Transport,-34.19,Transport
2025-08-25,Rent,-983.99,Housing
2025-08-26,Coffee,-24.22,Food
2025-08-27,Amazon,-233.33,Shopping
2025-08-28,Coffee,-32.33,Food
2025-08-30,Interest,-7.28,Other
2025-08-31,Coffee,-108.31,Food
2025-09-01,Salary,3200,Income
2025-09-01,Public Transport,-46.11,Transport
2025-09-02,Takeout,-22.73,Food
2025-09-03,Concert,-112.27,Entertainment
2025-09-04,Clothing,-341.39,Shopping
2025-09-05,Mortgage,-1158.74,Housing
2025-09-05,Rent,-1200,Housing
2025-09-06,Coffee,-101.49,Food
2025-09-07,Groceries,-33.8,Food
2025-09-07,Clothing,-365.08,Shopping
2025-09-08,Amazon,-20.44,Shopping
2025-09-08,Phone,-158.46,Utilities
2025-09-12,Water,-85.85,Utilities
2025-09-12,Restaurant,-18.66,Food
2025-09-13,Restaurant,-61.75,Food
2025-09-14,Amazon,-343.66,Shopping
2025-09-15,Groceries,-23.96,Food
2025-09-16,Gift,-36.87,Other
2025-09-17,Takeout,-30.11,Food
2025-09-17,Groceries,-8.01,Food
2025-09-19,Takeout,-110.39,Food
2025-09-19,Clothing,-490.39,Shopping
2025-09-20,Taxi,-67.12,Transport
2025-09-22,Takeout,-45.74,Food
2025-09-23,Doctor,-153.65,Healthcare
2025-09-24,Mortgage,-1617.24,Housing
2025-09-24,Takeout,-106.8,Food
2025-09-26,Rent,-877.09,Housing
2025-09-26,Public Transport,-13.72,Transport
2025-09-28,Pharmacy,-168.77,Healthcare
2025-09-29,Takeout,-59.05,Food
2025-09-30,Uber,-3.75,Transport
2025-10-01,Salary,3000,Income
2025-10-01,Coffee,-107.22,Food
2025-10-04,Mortgage,-1399.36,Housing
2025-10-04,Electric,-178.13,Utilities
2025-10-05,Pharmacy,-90.55,Healthcare
2025-10-05,Rent,-1200,Housing
2025-10-06,Rent,-1630.36,Housing
2025-10-07,Cinema,-95.37,Entertainment
2025-10-08,Restaurant,-110.92,Food
2025-10-09,Takeout,-48.1,Food
2025-10-12,Mortgage,-1626.51,Housing
2025-10-12,Water,-105.66,Utilities
2025-10-13,Coffee,-13.9,Food
2025-10-14,Amazon,-414.62,Shopping
2025-10-15,Concert,-67.57,Entertainment
2025-10-15,Rent,-1497.64,Housing
2025-10-16,Mortgage,-1150.52,Housing
2025-10-16,Pharmacy,-173.07,Healthcare
2025-10-18,Clothing,-145.22,Shopping
2025-10-19,Rent,-805.47,Housing
2025-10-19,Cinema,-88.81,Entertainment
2025-10-22,Taxi,-33.89,Transport
2025-10-24,Internet,-173.9,Utilities
2025-10-25,Restaurant,-119.04,Food
2025-10-26,Takeout,-23.91,Food
2025-10-27,Mortgage,-1377.65,Housing
2025-10-28,Rent,-1655.0,Housing
2025-10-29,Streaming,-118.55,Entertainment
2025-10-30,Takeout,-94.97,Food
2025-10-30,Concert,-106.07,Entertainment
2025-10-31,Coffee,-97.11,Food
2025-11-01,Salary,3000,Income
2025-11-01,Restaurant,-28.95,Food
2025-11-04,Gift,-33.15,Other
2025-11-07,Takeout,-54.36,Food
2025-11-09,Doctor,-81.92,Healthcare
2025-11-10,Rent,-1415.19,Housing
2025-11-11,Coffee,-117.15,Food
2025-11-14,Uber,-47.71,Transport
2025-11-15,Cinema,-138.28,Entertainment
2025-11-16,Internet,-82.55,Utilities
2025-11-17,Groceries,-56.21,Food
2025-11-17,Rent,-1061.11,Housing
2025-11-18,Coffee,-61.87,Food
2025-11-19,Restaurant,-105.51,Food
2025-11-20,Phone,-193.89,Utilities
2025-11-20,Water,-156.35,Utilities
2025-11-21,Mortgage,-1696.52,Housing
2025-11-21,Electronics,-62.55,Shopping
2025-11-21,Groceries,-82.2,Food
2025-11-23,Gift,-27.25,Other
2025-11-24,Restaurant,-13.88,Food
2025-11-25,Pharmacy,-224.05,Healthcare
2025-11-27,Restaurant,-24.39,Food
2025-11-28,Clothing,-252.0,Shopping
2025-11-30,Clothing,-118.46,Shopping
2025-12-01,Salary,3000,Income
2025-12-01,Cinema,-138.43,Entertainment
2025-12-02,Gas,-61.61,Transport
2025-12-03,Takeout,-46.43,Food
2025-12-04,Amazon,-435.04,Shopping
2025-12-05,Gift,-14.73,Other
2025-12-05,Rent,-1200,Housing
2025-12-06,Takeout,-58.96,Food
2025-12-07,Mortgage,-1660.4,Housing
2025-12-08,Rent,-1498.24,Housing
2025-12-09,Gas,-54.58,Transport
2025-12-10,Restaurant,-74.7,Food
2025-12-12,Takeout,-115.15,Food
2025-12-13,Takeout,-27.63,Food
2025-12-14,Takeout,-35.72,Food
2025-12-15,Internet,-76,Utilities
2025-12-16,Doctor,-322.61,Healthcare
2025-12-17,Clothing,-77.19,Shopping
2025-12-18,Coffee,-23.66,Food
2025-12-18,Mortgage,-1585.33,Housing
2025-12-18,Coffee,-49.61,Food
2025-12-19,Restaurant,-58.76,Food
2025-12-20,Mortgage,-1059.77,Housing
2025-12-21,Internet,-81.95,Utilities
2025-12-22,Groceries,-70.49,Food
2025-12-23,Internet,-83.92,Utilities
2025-12-24,Mortgage,-1689.63,Housing
2025-12-25,Groceries,-104.59,Food
2025-12-26,Electronics,-317.48,Shopping
2025-12-27,Clothing,-44.16,Shopping
2025-12-28,Restaurant,-86.12,Food
2025-12-29,Mortgage,-1580.97,Housing
2025-12-30,Concert,-145.0,Entertainment
2025-12-30,Rent,-1654.21,Housing
